DATE;f1;f2;f3;f4;f5
31.01.1964;3.54378050000000;4.25942770000000;4.03012980000000;3.95061200000000;4.20612800000001
29.02.1964;3.91672330000000;4.05607990000000;4.11378670000000;3.96357170000000;4.08908940000000
31.03.1964;3.91198400000000;4.24649020000000;4.22770290000000;4.20274970000000;3.80313970000000
30.04.1964;3.78445390000000;4.17629370000000;4.19025560000000;4.19013000000000;4.06678880000000
31.05.1964;3.80913920000000;4.03037560000000;4.05840450000000;4.19377230000000;3.82733840000000
30.06.1964;3.77341370000000;3.78221170000000;4.12984050000000;4.21640610000000;4.00973500000000
31.07.1964;3.65086310000000;3.67327530000000;4.28298850000000;4.28497070000000;4.16230290000000
31.08.1964;3.77605320000000;3.68974900000000;4.23909230000000;4.26842510000000;4.15803740000000
30.09.1964;3.89992040000000;3.69440180000000;4.22276600000000;4.17466820000000;3.97989560000000
31.10.1964;3.91027110000000;3.81440590000000;4.19691590000000;4.08531950000000;4.03490460000000
30.11.1964;4.21742800000000;3.83885540000000;4.22458050000000;4.05265970000000;4.02495190000000
31.12.1964;4.05241930000000;3.81933650000000;4.05883980000000;4.08152440000000;4.37077450000000
31.01.1965;4.07675560000000;3.77825320000000;3.96846040000000;4.09037880000000;4.86524950000000
28.02.1965;4.20346020000000;3.86244500000000;3.93366070000000;4.02772570000000;4.86182440000000
31.03.1965;4.14284990000000;3.91183910000000;4.02917690000000;3.98971250000000;4.62515810000000
30.04.1965;4.09800450000000;3.95367170000000;4.08012520000000;4.01299940000000;4.56291120000000
31.05.1965;4.07723840000000;3.98375500000000;4.05329970000000;4.02481370000000;4.53649970000000
30.06.1965;3.97897030000000;3.88495810000000;4.15723240000000;4.11181520000000;4.36642000000000
31.07.1965;3.89679730000000;4.10305170000000;4.15501820000000;4.33685840000000;4.12773540000000
31.08.1965;4.17504120000000;3.99533180000000;4.27310710000000;4.24066270000000;4.09062270000000
30.09.1965;4.27588250000000;4.21496090000000;4.31122220000000;4.29299320000000;4.15092670000000
31.10.1965;4.35042050000000;4.16034670000000;4.34840820000000;4.53449180000000;4.21226980000000
30.11.1965;4.35147040000000;4.22919840000000;4.62797420000000;4.53988220000000;4.22943830000000
31.12.1965;4.89280240000000;4.73019680000000;5.06457030000000;4.83956010000000;4.32392340000000
31.01.1966;4.92121130000000;4.73319950000000;5.06425730000000;4.91376830000000;4.49072560000000
28.02.1966;4.97860430000000;4.82856510000000;5.04164650000000;5.14121490000000;3.50842220000000
31.03.1966;4.84828240000000;4.61528520000000;4.77727640000000;4.89133400000000;4.08649600000000
30.04.1966;4.99676090000000;4.68098970000000;4.91875690000000;4.77917450000000;4.49832050000000
31.05.1966;5.02182880000000;4.99481300000000;4.96343280000000;5.02258180000000;4.42928810000000
30.06.1966;5.11012080000000;5.06458260000000;5.23092690000000;5.07295690000000;4.58193230000000
31.07.1966;5.24439220000000;5.15394700000000;5.27365180000000;5.25312220000000;4.99488830000000
31.08.1966;5.93520180000000;5.75992560000000;5.64172260000000;5.87816360000000;4.58626290000000
30.09.1966;4.95965920000000;5.84605440000000;5.39766800000000;5.09053760000000;4.47136580000000
31.10.1966;5.69399270000000;4.88753830000000;5.14558650000000;5.12118530000000;4.75091720000000
30.11.1966;5.44293720000000;5.27946520000000;5.30411780000000;5.21491940000000;4.74890140000000
31.12.1966;5.01864460000000;4.57926120000000;5.05154600000000;4.29045020000000;4.49844400000000
31.01.1967;4.61356350000000;4.38831530000000;4.70876020000000;4.80846180000000;4.25240570000000
28.02.1967;4.66334830000000;4.61936950000000;4.91624860000000;4.68586800000000;4.55444160000000
31.03.1967;4.14334750000000;4.12932210000000;4.44518060000000;4.61647980000000;4.50598750000000
30.04.1967;4.02811320000000;4.66226700000000;4.82839980000000;4.94121760000000;4.71190040000000
31.05.1967;3.96394980000000;4.27952660000000;5.32431610000000;4.82029150000000;5.04434100000000
30.06.1967;5.07014270000000;4.36044730000000;5.74259280000000;5.54612080000000;5.58417490000000
31.07.1967;5.09788750000000;4.67648070000000;5.09768630000000;5.04246430000000;5.21407670000000
31.08.1967;5.26363780000000;5.06828080000000;5.31447280000000;5.09282340000000;5.22224970000000
30.09.1967;5.35707500000000;4.94835760000000;5.55302010000000;5.32259970000000;4.92657160000000
31.10.1967;5.52098590000000;5.62513610000000;5.45734050000000;5.50757110000000;5.72346540000000
30.11.1967;5.82623740000000;4.79019480000000;6.19338710000000;5.46337310000000;5.78618310000000
31.12.1967;5.93060360000000;5.49289060000000;5.69851170000000;5.65105690000000;5.19079970000000
31.01.1968;5.47171560000000;5.08925160000000;5.67397650000000;5.54791590000000;5.20373190000000
29.02.1968;5.53214970000000;5.23328530000000;6.00251480000000;5.28833620000000;4.89086200000000
31.03.1968;5.69236850000000;5.32505350000000;6.04161720000000;5.81275560000000;4.83575770000000
30.04.1968;5.65547510000000;5.59630730000000;6.32489930000000;5.92565830000000;4.93377000000000
31.05.1968;6.06587300000000;5.13534700000000;6.14235900000000;5.91835700000000;4.93440600000000
30.06.1968;5.63485130000000;5.43533110000000;5.61035940000000;5.51499620000000;4.69855950000000
31.07.1968;5.39706260000000;4.75453320000000;5.16359860000000;5.20351800000000;4.96114860000000
31.08.1968;5.28822340000000;4.96974580000000;5.09378410000000;5.10513350000000;5.38976820000000
30.09.1968;5.32624000000000;5.09323160000000;5.18510820000000;4.95859100000000;5.40671170000000
31.10.1968;5.62910770000000;5.26378550000000;4.95665490000000;5.04142550000000;5.69747490000000
30.11.1968;5.63502030000000;5.50445830000000;4.99960340000000;5.34818240000000;5.96279010000000
31.12.1968;6.48980800000000;6.10409560000000;5.57867800000000;5.32032160000000;6.91195330000000
31.01.1969;6.09160050000000;6.18680790000000;5.68903440000000;5.30523160000000;6.99959910000000
28.02.1969;6.65938770000000;5.92830590000000;6.48805330000000;5.59485830000000;6.75477330000000
31.03.1969;6.26398680000000;5.72820420000000;6.45124680000000;6.00838980000000;6.90176390000000
30.04.1969;6.18156700000000;5.96829740000000;6.19284180000000;5.67871860000000;6.96253520000001
31.05.1969;6.46796540000000;6.45877360000000;6.61817580000000;5.95519120000000;7.15108200000000
30.06.1969;7.36808390000000;6.64258450000000;7.06648560000000;6.11734640000000;7.06110060000000
31.07.1969;7.35392070000000;7.15600870000000;6.84711860000000;6.03399120000000;6.50823430000000
31.08.1969;7.54592940000000;7.03061880000000;7.00342560000000;6.50115780000000;6.70923740000000
30.09.1969;7.80744440000000;7.81876360000000;7.69508760000000;8.01177360000000;7.99306330000000
31.10.1969;7.37586980000000;7.06429880000000;7.18444670000000;7.28899910000000;6.69097410000000
30.11.1969;7.89366010000000;7.02175490000000;7.62759510000000;7.32905190000000;7.23228700000000
31.12.1969;8.03149300000000;8.20173480000000;8.23465340000000;8.29095880000000;7.10868950000000
31.01.1970;8.01140390000000;7.96444710000000;8.19672580000000;8.15153760000000;8.01319860000000
28.02.1970;6.96455390000000;7.07338670000000;7.31933030000000;7.25351310000000;7.10064300000000
31.03.1970;6.75245320000000;7.07213840000000;6.93350970000000;7.75938830000000;6.73509640000000
30.04.1970;7.57809940000000;7.59292720000000;8.11876450000000;7.94657490000000;7.47000550000000
31.05.1970;7.44017390000000;8.05597150000000;7.32147060000000;7.87561600000000;7.33434000000001
30.06.1970;7.18891240000000;7.72155020000000;7.80092430000000;7.79805190000000;7.19969920000001
31.07.1970;6.81233320000000;7.56913900000000;7.57792960000000;7.98303980000000;6.91564890000000
31.08.1970;6.75334000000000;7.27566200000000;7.54973160000000;7.87267080000000;6.81821610000000
30.09.1970;6.56677880000000;6.54530880000000;7.38427480000000;7.41576840000000;7.33562120000000
31.10.1970;6.22290400000000;6.79546760000000;7.10077890000000;7.29106390000000;6.97133760000000
30.11.1970;5.15276580000000;5.46244440000000;6.30002460000000;6.38138160000000;6.22821060000000
31.12.1970;5.06171680000000;5.73460280000000;6.51380580000000;5.94706380000000;6.34935880000000
31.01.1971;4.30919000000000;4.96830440000000;6.43409510000000;6.70235290000000;5.85836810000000
28.02.1971;3.74673410000000;4.80847530000000;5.95651990000000;6.10301030000000;5.90108390000000
31.03.1971;3.75842270000000;4.53747830000000;5.25489140000000;5.72197960000000;5.62637900000000
30.04.1971;4.68323290000000;5.75963570000000;6.68917470000000;6.06793750000000;6.68810770000000
31.05.1971;4.94893850000000;5.86818330000000;6.73937650000000;5.79929130000000;7.68968890000000
30.06.1971;6.05774050000000;6.48166510000000;7.49185900000000;6.41502220000000;7.50552320000000
31.07.1971;6.01592260000000;6.28286440000000;7.92684460000000;7.10797800000000;7.17943190000000
31.08.1971;5.21470630000000;5.68748970000000;6.23370860000000;6.01511900000001;6.98114890000000
30.09.1971;5.20826040000000;5.61631360000000;6.14655170000000;5.78450990000000;8.29129640000000
31.10.1971;4.51180140000000;5.41231240000000;5.70804140000000;5.85217480000000;7.87344800000000
30.11.1971;4.76343920000000;5.36762520000000;5.70644020000000;6.14795660000000;7.44291980000000
31.12.1971;4.33594260000000;5.32807460000000;5.55860200000000;5.59595440000000;6.78299290000000
31.01.1972;4.16508650000000;5.45043630000000;6.29342380000000;6.01273260000000;6.79134980000000
29.02.1972;4.28241540000000;5.26061380000000;6.19505990000000;6.02494890000000;6.56999400000000
31.03.1972;4.93755890000000;6.11971810000000;6.27897750000000;6.11610630000000;6.55460520000000
30.04.1972;4.50727090000000;5.70690830000000;6.70293000000000;5.60060440000000;6.48108690000000
31.05.1972;4.55267190000000;5.33137130000000;6.23341360000000;6.13174400000000;6.32812620000000
30.06.1972;5.10538040000000;5.76163940000000;6.23273330000000;6.31825570000001;6.13196920000000
31.07.1972;4.72570480000000;5.77019560000000;6.50459410000000;6.45778910000000;6.00936240000000
31.08.1972;5.35463790000000;5.90644090000000;6.40628060000000;6.80181100000000;5.94032860000000
30.09.1972;5.64906840000000;5.92305480000000;6.20956770000000;6.25787230000000;6.22939130000000
31.10.1972;5.49934890000000;5.86885570000000;6.42723140000000;6.54895840000000;6.12054410000000
30.11.1972;5.36871960000000;5.91308400000000;6.14501670000000;6.63137450000000;5.98208570000000
31.12.1972;5.52526500000000;6.35844340000000;6.09044000000000;6.29649600000000;6.57899410000000
31.01.1973;6.07906640000000;6.35267720000000;6.39920720000000;6.67269320000000;6.00469100000001
28.02.1973;6.40128810000000;6.63445770000000;6.71014800000000;6.71151820000000;6.51055200000000
31.03.1973;6.92933730000000;6.67092890000000;6.49938520000000;6.44514220000000;6.71769290000000
30.04.1973;6.64453430000000;6.61983030000000;6.64543270000000;6.30452870000000;6.65710000000000
31.05.1973;7.02575820000000;6.42405140000000;6.41346070000000;6.32292090000000;6.82014180000000
30.06.1973;7.66043990000000;6.25218310000000;6.73188150000000;6.21607750000000;6.75691100000000
31.07.1973;8.57462410000000;7.34588090000000;7.47792000000000;7.95606260000000;6.88381490000000
31.08.1973;8.36689390000000;6.94113190000000;6.44455390000000;6.77355470000000;6.74884960000001
30.09.1973;7.68396200000000;5.84772700000000;6.29789010000000;6.52930570000000;6.36544270000000
31.10.1973;7.12216990000000;6.29854990000000;6.51380920000000;6.76841620000000;6.47277830000000
30.11.1973;7.41466500000000;6.13962840000000;6.27398130000000;6.57865730000000;6.63578650000000
31.12.1973;7.12328230000000;6.35531130000000;6.43673510000000;6.73126250000001;6.78085929999999
31.01.1974;6.88573540000000;6.44891720000000;6.81070470000000;6.86326350000000;6.71553270000000
28.02.1974;7.02059010000000;6.36953010000000;6.65679480000000;7.15944860000000;6.84978240000001
31.03.1974;8.12337190000000;7.25507590000000;7.40619220000000;7.23578280000000;7.06540320000000
30.04.1974;8.67315470000000;7.56922350000000;7.62740830000000;8.19818230000000;7.63970720000000
31.05.1974;8.46582770000000;7.51195870000000;7.84002780000000;7.61025300000000;7.24074680000001
30.06.1974;8.60928710000000;7.70340290000000;8.13859940000000;7.56282180000000;8.42509379999999
31.07.1974;8.66176090000000;8.09794930000000;8.23379680000000;7.99275460000000;8.00612990000001
31.08.1974;9.67231640000000;7.51673040000000;8.12988130000000;8.03242310000000;8.58937279999999
30.09.1974;7.89077620000000;7.99438060000000;7.59774910000000;8.02537610000000;7.71373700000000
31.10.1974;7.64234760000000;7.78312620000000;7.75772880000000;7.89246580000000;7.80724459999999
30.11.1974;7.50629620000000;6.90332400000000;7.54711280000000;7.36518540000000;7.63634960000000
31.12.1974;6.87432580000000;7.29156280000000;7.29246970000000;7.17932810000000;6.84436610000000
31.01.1975;6.08907990000000;7.21396670000000;7.24052320000000;7.64232500000000;7.61552120000000
28.02.1975;5.87264840000000;6.54915580000000;7.26743400000000;7.52117060000000;7.45310770000000
31.03.1975;6.20706730000000;7.17304950000000;7.51871150000000;7.99741050000000;7.60802820000000
30.04.1975;6.67766570000000;8.28329530000000;8.05350090000000;8.44357810000000;7.84208100000000
31.05.1975;6.01521570000000;7.63366670000000;8.37383890000000;7.10161110000000;7.95001260000000
30.06.1975;6.70591130000000;7.54819250000000;8.19889730000000;7.15775250000000;8.36422540000000
31.07.1975;7.17609730000000;7.93697650000000;8.34409420000000;7.31204000000000;8.43800550000000
31.08.1975;7.35511540000000;7.65606820000000;8.29683520000000;8.15914000000000;8.42220570000000
30.09.1975;7.55167770000000;8.33527250000000;8.11377370000000;8.23681850000001;8.36781910000000
31.10.1975;6.18010040000000;7.68490580000000;7.47321950000000;7.87280910000000;8.53355270000000
30.11.1975;6.45311380000000;7.83607920000000;7.50964700000000;7.62209840000000;9.16148260000000
31.12.1975;5.98998760000000;7.22321860000000;7.84998760000000;7.41340540000000;8.32956030000000
31.01.1976;5.52556610000000;7.12311950000000;8.63260940000000;7.26011820000000;8.38068230000001
29.02.1976;6.01655190000000;7.30231110000000;7.77673170000000;7.62550930000000;7.81680400000001
31.03.1976;5.99314750000000;7.49972770000000;7.29320680000000;8.05236680000000;7.27563469999999
30.04.1976;5.98789330000000;7.26578090000000;7.36127280000000;7.50087420000000;7.98350030000000
31.05.1976;6.63381750000000;7.44516750000000;8.11252740000000;7.94242200000000;7.98819160000000
30.06.1976;6.34525010000000;7.41794090000000;7.55361260000000;8.39620720000000;7.62764720000000
31.07.1976;6.02387210000000;7.29322970000000;7.39305380000000;8.04232720000000;7.98975170000000
31.08.1976;5.82118280000000;7.02270720000000;7.24988290000000;7.84636750000000;8.43634610000000
30.09.1976;5.72125890000000;6.69361550000000;7.30269070000000;7.57486650000000;8.03476290000000
31.10.1976;5.41973360000000;6.49116040000000;6.79333050000000;7.45196550000000;7.88956550000000
30.11.1976;4.91466330000000;5.82729910000000;6.07070150000000;6.76753730000000;6.94789130000000
31.12.1976;4.76680340000000;5.88114520000000;6.39592770000000;6.59261890000000;6.93629430000000
31.01.1977;5.58634310000000;6.56865550000000;7.29807300000000;7.59061240000000;6.96832450000001
28.02.1977;5.45857120000000;6.54014720000000;7.24335900000000;7.81274860000000;7.99182400000000
31.03.1977;5.35187060000000;6.52165420000000;7.19488650000000;8.00901150000000;7.11696470000000
30.04.1977;5.42501650000000;6.57698070000000;6.94124360000000;8.02549760000000;7.68114210000001
31.05.1977;5.71202930000000;6.49082850000000;6.81156430000000;7.60730870000000;7.44039270000000
30.06.1977;5.61296370000000;6.27746710000000;6.64562750000000;7.73537530000000;6.81597590000000
31.07.1977;6.11561090000000;6.62315430000000;6.82140130000000;7.69795230000000;7.29174570000000
31.08.1977;6.23554430000000;6.55758190000000;7.07552040000000;7.19610500000000;7.15408140000000
30.09.1977;6.47383360000000;6.92954720000000;6.98252460000000;7.56491780000000;7.03246180000000
31.10.1977;6.78137320000000;7.22617040000000;7.38129510000000;7.60914530000000;7.42772500000000
30.11.1977;6.62507140000000;7.22783740000000;7.30515910000000;7.35267370000000;7.54695890000000
31.12.1977;6.83275170000000;7.32599090000000;7.35569230000000;8.25988390000000;7.50565670000000
31.01.1978;7.06919610000000;7.50811710000000;7.66440210000000;8.06579870000000;7.66143800000000
28.02.1978;7.13427130000000;7.62396350000000;7.88427900000000;8.01923060000000;7.98328210000000
31.03.1978;7.15940860000000;7.96443520000000;7.82195020000000;8.45659760000000;7.49439889999999
30.04.1978;7.34855290000000;7.89761990000000;8.03157390000000;8.18489289999999;7.70588740000001
31.05.1978;7.76632810000000;8.01598650000000;8.16566000000000;8.14363700000000;9.23836840000001
30.06.1978;8.19661800000000;8.42118700000000;8.31963140000000;8.71665560000000;8.40817000000000
31.07.1978;8.05128570000000;8.36723070000000;8.35373190000000;8.20121970000000;8.58087900000000
31.08.1978;8.25273530000000;8.16150610000000;8.08214850000001;8.21139050000000;8.39462510000000
30.09.1978;8.54457670000000;8.32759210000000;7.87810750000000;8.82344610000000;7.88466410000000
31.10.1978;9.50444060000000;8.80259660000000;8.90023070000000;8.95224330000000;7.45855230000001
30.11.1978;9.74312370000000;8.85195250000000;8.06611070000000;8.12126469999999;7.90538590000001
31.12.1978;10.1588000000000;9.13711580000000;8.82662930000000;8.29908450000000;8.69223990000000
31.01.1979;9.77925020000000;8.96252600000000;8.04606590000000;8.04303430000000;8.69185710000000
28.02.1979;9.93324110000000;9.23564950000000;7.95568950000000;9.00309910000001;9.06999280000000
31.03.1979;9.61422930000000;9.27660650000000;8.24653840000000;9.17343180000000;8.30294400000000
30.04.1979;9.78980010000000;9.35057070000000;8.41001760000000;9.01088120000000;8.28356839999999
31.05.1979;9.62713310000000;8.73055370000000;8.10329330000000;8.79162350000000;8.17606940000000
30.06.1979;9.13267170000000;8.16973770000000;8.29868700000000;8.39010840000001;7.76529520000000
31.07.1979;9.44319870000000;8.60282490000000;8.35509810000000;8.42489990000000;8.14494540000000
31.08.1979;10.0692080000000;8.88496600000000;8.73070380000000;8.49270740000000;8.12764080000000
30.09.1979;10.6035400000000;8.97455180000000;8.94042330000000;8.36417250000000;8.62603589999999
31.10.1979;12.4527300000000;10.7530800000000;10.4986470000000;9.52505100000001;9.58302699999999
30.11.1979;11.1898040000000;10.2990160000000;8.99139600000001;9.38159600000000;9.77027950000000
31.12.1979;11.1861830000000;10.4552670000000;8.89963300000000;9.65692900000000;9.64666900000000
31.01.1980;11.6355560000000;10.6393860000000;10.0899550000000;10.4318750000000;10.2102280000000
29.02.1980;14.3963940000000;13.8457100000000;11.1667540000000;11.3816260000000;10.3210460000000
31.03.1980;14.8802880000000;13.0526500000000;11.1173000000000;10.2238340000000;12.5567780000000
30.04.1980;10.3766230000000;9.98583900000000;10.1784110000000;9.65273100000000;10.5629360000000
31.05.1980;8.51569180000000;9.01120440000000;9.71078150000000;9.89259190000000;10.0189029000000
30.06.1980;8.21649150000000;9.18827850000000;9.70924380000000;9.19223260000000;10.4880031000000
31.07.1980;8.90484190000000;9.73229270000000;10.7374752000000;9.57220860000000;10.3069101000000
31.08.1980;10.9982720000000;11.2895580000000;11.4037270000000;11.0305830000000;11.7559500000000
30.09.1980;11.6320260000000;11.6927480000000;11.4113080000000;11.0949660000000;11.8231170000000
31.10.1980;12.9409470000000;12.0618110000000;11.7109420000000;13.2653400000000;10.9195700000000
30.11.1980;14.1830910000000;12.0933970000000;11.9815430000000;12.6208490000000;11.2233450000000
31.12.1980;12.8083260000000;11.6040900000000;11.5228230000000;12.0116650000000;12.7705460000000
31.01.1981;13.4336430000000;11.6695230000000;11.6610270000000;12.4853950000000;12.3575620000000
28.02.1981;14.0285210000000;12.3176070000000;13.2765490000000;12.5813830000000;12.8086500000000
31.03.1981;12.6077860000000;12.4065360000000;13.6808810000000;13.5927050000000;11.3142720000000
30.04.1981;14.5151390000000;13.4346570000000;13.9328740000000;13.6587740000000;12.9803960000000
31.05.1981;14.4206720000000;13.1814020000000;13.0989050000000;12.7824570000000;11.3358940000000
30.06.1981;13.9079720000000;13.7867420000000;13.0189910000000;12.9240350000000;12.1750200000000
31.07.1981;15.3416560000000;14.3213040000000;15.1122770000000;12.4608390000000;12.5170240000000
31.08.1981;15.8140390000000;15.4668010000000;15.0518020000000;13.6815140000000;13.9345540000000
30.09.1981;15.3651590000000;15.8214090000000;15.4442680000000;15.7951520000000;13.9986120000000
31.10.1981;13.7892580000000;14.5003880000000;13.8964050000000;14.9706170000000;14.1572370000000
30.11.1981;11.5400360000000;11.4538160000000;14.5403630000000;11.6980570000000;11.5994880000000
31.12.1981;12.8352310000000;13.6214530000000;13.9996000000000;14.2440640000000;13.1635870000000
31.01.1982;13.5599200000000;13.3358420000000;14.2662750000000;13.9927390000000;13.0296390000000
28.02.1982;13.7497050000000;13.6627890000000;14.3674980000000;12.5339520000000;12.7061210000000
31.03.1982;13.6573830000000;13.6749830000000;14.3456140000000;13.3220520000000;12.1241080000000
30.04.1982;13.3651470000000;13.5321950000000;13.3620010000000;12.9059330000000;11.6393290000000
31.05.1982;12.6662140000000;13.3187980000000;13.8338860000000;12.5924460000000;12.0594460000000
30.06.1982;13.9659030000000;14.0706650000000;14.6466730000000;12.6559950000000;14.9844040000000
31.07.1982;12.5386710000000;13.0754130000000;13.4503260000000;13.4243860000000;12.2426890000000
31.08.1982;11.2310190000000;12.0873810000000;12.8295390000000;11.3287730000000;12.7589030000000
30.09.1982;10.2013450000000;11.7594570000000;11.6534120000000;10.9865540000000;12.4177570000000
31.10.1982;9.34928490000000;10.5339665000000;11.7561016000000;9.48771500000000;12.6124770000000
30.11.1982;9.21018490000000;10.5082877000000;10.4050164000000;12.2824630000000;10.0462780000000
31.12.1982;8.50938890000000;10.1947525000000;10.8131394000000;8.11577040000000;14.3052138000000
31.01.1983;8.71335010000000;10.1569567000000;11.2449202000000;9.42656100000000;12.9220020000000
28.02.1983;8.45658700000000;9.71790300000000;10.6914365000000;9.28516310000000;12.2169154000000
31.03.1983;9.14633720000000;10.2701828000000;10.6298270000000;10.5373570000000;11.8909060000000
30.04.1983;8.62767130000000;9.80708230000000;10.0206592000000;10.4704776000000;11.2511946000000
31.05.1983;9.25406260000000;10.2930454000000;10.6395070000000;11.2375530000000;11.4146520000000
30.06.1983;9.42607820000000;10.8062918000000;11.0030480000000;11.2141100000000;11.2984020000000
31.07.1983;10.2149150000000;11.2079570000000;11.4892910000000;12.6442330000000;12.1199640000000
31.08.1983;10.3206950000000;11.2653090000000;11.7671380000000;12.5399060000000;12.9129320000000
30.09.1983;9.68472720000000;10.9077508000000;11.4076160000000;11.3573740000000;13.1026770000000
31.10.1983;9.53078990000000;11.0792161000000;11.7099210000000;11.2852010000000;12.2071320000000
30.11.1983;9.67852740000000;10.9523666000000;11.3968330000000;11.7789410000000;11.6130870000000
31.12.1983;9.80387160000000;11.2759204000000;11.1698750000000;12.4585370000000;12.0679760000000
31.01.1984;9.52942040000000;11.1489436000000;11.1493650000000;11.9401310000000;12.3293050000000
29.02.1984;9.91943490000000;11.5003451000000;11.6176990000000;12.2873050000000;12.6210610000000
31.03.1984;10.6483470000000;11.8904610000000;12.1151070000000;12.8801970000000;12.8345580000000
30.04.1984;10.7079750000000;12.2597670000000;12.3805980000000;12.9102480000000;12.7798520000000
31.05.1984;11.8929530000000;13.2287310000000;13.6779880000000;13.6936840000000;14.9982840000000
30.06.1984;11.9200880000000;13.6258620000000;13.7714140000000;13.5581320000000;14.0548890000000
31.07.1984;11.5585360000000;12.7592420000000;12.6229320000000;12.7116180000000;13.1019620000000
31.08.1984;11.7559420000000;12.3874140000000;12.6288830000000;12.8236810000000;12.6593950000000
30.09.1984;11.0535810000000;12.4137870000000;12.2715510000000;12.7063130000000;12.3230180000000
31.10.1984;10.1179190000000;11.5307470000000;11.1865110000000;12.0845990000000;11.4088140000000
30.11.1984;9.48119000000000;10.7215820000000;11.5715240000000;12.2051920000000;10.7997220000000
31.12.1984;9.02187710000000;10.5142515000000;11.6214154000000;12.2497240000000;11.4067220000000
31.01.1985;8.83517450000000;10.5526457000000;10.9176008000000;11.9124470000000;10.8486370000000
28.02.1985;9.67798700000000;11.0793830000000;11.5321640000000;12.8065580000000;11.5279830000000
31.03.1985;9.49511050000000;10.8816315000000;11.5408430000000;12.5560070000000;11.1925580000000
30.04.1985;8.92428210000000;10.6874303000000;11.0500936000000;11.9647500000000;11.2315440000000
31.05.1985;8.06467050000000;9.50593130000000;10.0277512000000;11.3288986000000;9.65647790000000
30.06.1985;7.66079010000000;9.49811490000000;10.5429303000000;10.6682779000000;10.1485238000000
31.07.1985;8.15550450000000;9.75008850000000;10.5111528000000;11.6268462000000;9.79675600000000
31.08.1985;8.04529390000000;9.63728430000000;10.0272368000000;11.2306770000000;9.83787850000000
30.09.1985;8.02147530000000;9.38334930000000;10.1242266000000;11.1168964000000;10.4070774000000
31.10.1985;7.86603150000000;9.07491110000000;9.76962010000000;10.5665945000000;10.7035118000000
30.11.1985;7.77943230000000;8.60464570000000;9.40813610000000;10.2073603000000;10.5694901000000
31.12.1985;7.48242580000000;8.27902200000000;8.74028360000000;9.25758740000000;9.86419720000001
31.01.1986;7.59445660000000;8.12732040000000;8.94620000000000;9.20487860000000;9.36932490000000
28.02.1986;7.38913610000000;7.91960950000000;8.06949090000000;8.16796430000000;8.63236320000000
31.03.1986;6.79131800000000;6.98039400000000;7.49537290000000;7.89361670000000;7.81595190000000
30.04.1986;6.49807360000000;7.21926600000000;7.68651140000000;7.27071420000000;8.35678380000000
31.05.1986;6.83881840000000;7.78175160000000;8.46046340000000;8.36615300000000;9.09667310000000
30.06.1986;6.41962700000000;7.32774240000000;7.61974390000000;8.26560310000000;7.95980710000000
31.07.1986;6.19785910000000;6.99221850000000;7.95587510000000;7.54850490000000;8.25899340000000
31.08.1986;5.46817700000000;6.40540380000000;7.12901170000000;7.18192390000001;8.09590910000000
30.09.1986;5.82282810000000;6.95471550000000;7.40381730000000;8.34411190000000;7.84302120000000
31.10.1986;5.66465290000000;6.63632770000000;7.27770190000000;7.56861510000000;8.13353240000000
30.11.1986;5.75920850000000;6.47908270000000;6.91785030000000;7.35324810000000;7.55918390000000
31.12.1986;6.05902270000000;6.67702630000000;6.78965110000000;7.65295230000000;7.80980510000001
31.01.1987;5.91122100000000;6.49617700000000;6.95237150000000;7.29830570000000;7.28114930000000
28.02.1987;5.97218450000000;6.59755350000000;6.90095020000000;7.12153620000000;7.46181460000000
31.03.1987;6.20099520000000;6.77946300000000;7.13643390000000;7.62361150000000;8.08764740000001
30.04.1987;6.87992140000000;7.63696980000000;8.21996570000000;8.31619350000000;8.46363310000000
31.05.1987;7.07355120000000;8.15466520000000;8.45765960000000;8.35941880000000;8.97022670000000
30.06.1987;6.84279120000000;7.89027500000000;8.18785570000000;8.70246290000000;8.55890570000001
31.07.1987;6.97400810000000;7.85540330000000;8.69466200000000;8.43059140000000;8.93677869999999
31.08.1987;7.22440680000000;8.39213580000000;8.86430910000000;8.68835590000000;9.09471989999999
30.09.1987;7.90376630000000;9.03373070000000;9.38737460000000;9.75957680000000;9.50170610000001
31.10.1987;6.67649300000000;8.60868340000000;8.82005460000000;9.21907300000000;8.84533600000000
30.11.1987;6.88637950000000;8.47397030000000;8.65636200000000;9.10928980000000;9.39213440000000
31.12.1987;7.29773770000000;8.03956310000000;8.34317670000000;9.19307809999999;8.72408040000000
31.01.1988;6.70318850000000;7.59330090000000;7.84419010000000;8.20269010000000;8.06547940000001
29.02.1988;6.60882290000000;7.43272490000000;7.72785170000000;7.90837290000000;8.09389060000000
31.03.1988;6.84973620000000;7.70175860000000;8.10865840000000;8.78453920000000;8.32759510000000
30.04.1988;7.09636520000000;7.96270000000000;8.60131080000000;8.86425560000000;8.83827540000000
31.05.1988;7.66481540000000;8.35639460000000;8.79967400000000;9.28713040000000;9.17213560000001
30.06.1988;7.50896290000000;8.22881510000000;8.37626400000000;8.78662360000000;8.67890090000000
31.07.1988;7.89310200000000;8.62854860000000;8.64019060000000;8.55381160000000;9.25492019999999
31.08.1988;8.25093400000000;8.84231740000000;8.70394780000000;8.73748240000000;9.44714340000000
30.09.1988;7.99233400000000;8.57893120000000;8.53048000000000;8.64199919999999;8.74929560000001
31.10.1988;7.90359480000000;8.27371080000000;8.13570630000000;8.44153290000000;8.32561970000000
30.11.1988;8.46907700000000;8.89408220000000;8.54296790000000;9.06039050000000;8.64942090000000
31.12.1988;8.90208130000000;8.96306130000000;9.08316620000000;9.05575880000000;9.03628390000000
31.01.1989;8.88186460000000;8.92783860000000;8.78884550000000;8.95365770000000;8.47783510000000
28.02.1989;9.35548710000000;9.30452330000000;8.91488410000000;9.54374750000000;8.45704750000000
31.03.1989;9.63484750000000;9.48119390000000;9.27649650000000;9.25530130000000;8.98392680000000
30.04.1989;9.03156910000000;8.98441230000000;9.07409420000000;8.79915440000000;8.72892850000000
31.05.1989;8.76552780000000;8.27277840000000;8.88459750000000;8.48060310000000;8.56183720000000
30.06.1989;8.12497080000000;7.70539520000000;7.92397030000000;8.10362490000000;8.53502980000000
31.07.1989;7.59989740000000;7.17005340000000;7.61889950000000;7.39434570000000;7.48674750000000
31.08.1989;8.28907170000000;7.95611630000000;8.32714900000000;8.13339100000000;8.02281450000000
30.09.1989;8.31967120000000;8.26408580000000;8.31011190000000;8.16437270000000;8.05722740000000
31.10.1989;7.74943980000000;7.71132100000000;7.88503070000000;7.78421770000000;7.78196580000000
30.11.1989;7.66951350000000;7.57173130000000;7.73199830000000;7.78194890000000;7.80797000000000
31.12.1989;7.74640300000000;7.72921520000000;7.91395770000000;7.79939930000000;7.66454780000000
31.01.1990;8.07419240000000;8.16437200000000;8.28936180000000;8.36310100000000;8.48604980000000
28.02.1990;8.05204570000000;8.35106910000000;8.46837860000001;8.58807740000000;8.59094019999999
31.03.1990;8.30082170000000;8.65953530000000;8.68317380000000;8.53270000000000;8.53409320000000
30.04.1990;8.53891410000000;9.04659330000000;8.94983490000000;9.10064690000001;8.86215379999999
31.05.1990;8.12128880000000;8.51982260000000;8.48201780000000;8.71653680000000;8.64256300000000
30.06.1990;7.94893760000000;8.16001960000000;8.32883040000000;8.46719240000000;8.48632349999999
31.07.1990;7.66911310000000;7.92453890000000;8.01403350000000;8.22231210000000;8.52164240000001
31.08.1990;7.63395890000000;8.28276630000000;8.45566240000000;8.94130080000000;9.09639110000000
30.09.1990;7.56554160000000;8.17177700000000;8.41295140000000;8.89548240000000;8.95406460000001
31.10.1990;7.45398640000000;7.82178420000000;8.16636530000000;8.67208330000000;8.80593280000000
30.11.1990;7.35159280000000;7.56260160000000;7.77329300000000;8.35746220000000;8.39536740000000
31.12.1990;6.91654610000000;7.31435770000000;7.70431800000000;8.13936540000001;8.25991180000000
31.01.1991;6.60743920000000;7.29025200000000;7.60793810000000;8.25489950000001;8.26267020000000
28.02.1991;6.52938930000000;7.28258410000000;7.69175300000000;8.30844280000000;8.39844580000001
31.03.1991;6.33557200000000;7.60422420000000;7.75706540000000;8.46208800000000;8.50347740000000
30.04.1991;6.20215790000000;7.36187910000000;7.65094030000000;8.49454110000000;8.55044510000000
31.05.1991;6.28094420000000;7.26228320000000;7.65154580000000;8.61437600000000;8.47438630000000
30.06.1991;6.31344680000000;7.40851700000000;8.16895490000000;8.83084530000000;8.63182350000000
31.07.1991;6.17625990000000;7.34065290000000;7.84679370000000;8.71105150000000;8.62723149999999
31.08.1991;5.63689220000000;6.98405540000000;7.37949170000000;8.38454070000000;8.19771050000000
30.09.1991;5.37008420000000;6.55963500000000;7.03633270000000;7.95252010000000;7.70234850000000
31.10.1991;5.18523880000000;6.15232220000000;6.89538510000000;7.86021790000000;7.79350750000000
30.11.1991;4.78097060000000;5.94165420000000;6.74293450000000;7.95937430000000;7.54048740000001
31.12.1991;4.18282440000000;5.33919360000000;6.02239890000000;7.63780590000000;7.12536720000000
31.01.1992;4.37511230000000;5.86720970000000;7.01870300000000;7.73513020000000;7.91729780000000
29.02.1992;4.40870030000000;6.07741410000000;7.07675890000000;7.92661670000000;8.13326750000001
31.03.1992;4.60955950000000;6.57070630000000;7.59101170000000;8.23074090000000;8.02864910000001
30.04.1992;4.37644030000000;6.42307730000000;7.43257800000000;8.21600080000000;8.49734460000001
31.05.1992;4.26381400000000;6.07331600000000;7.09431030000000;7.79694650000000;8.20902120000000
30.06.1992;4.06403300000000;5.56778400000000;6.72664990000000;7.64713350000000;7.82283060000000
31.07.1992;3.59194370000000;5.18439330000000;6.22549810000000;7.25519050000000;7.50270690000000
31.08.1992;3.43701610000000;4.80429030000000;6.05090180000000;7.08025460000000;7.38918920000000
30.09.1992;3.10494230000000;4.45748810000000;5.67448370000000;6.68064070000000;7.30718670000000
31.10.1992;3.61816920000000;5.29501540000000;6.28854380000000;7.43373280000000;7.46682880000000
30.11.1992;3.92226680000000;5.68197380000000;6.73516130000000;7.53308930000000;7.92548780000000
31.12.1992;3.65014530000000;5.32722330000000;6.68230440000000;7.07938180000000;7.96487620000000
31.01.1993;3.43539360000000;4.98356260000000;5.92970750000000;6.59991630000000;7.39858700000000
28.02.1993;3.30423310000000;4.52230490000000;5.44402470000000;6.48824810000000;6.79015970000000
31.03.1993;3.35241700000000;4.50787120000000;5.63593060000000;6.35186160000000;6.63005460000000
30.04.1993;3.30115460000000;4.27081520000000;5.47358720000000;6.31707140000000;6.91162610000000
31.05.1993;3.62212470000000;4.73067850000000;5.63991740000000;6.30161620000000;6.69073170000000
30.06.1993;3.49999820000000;4.46812060000000;5.23575630000000;5.79590890000000;6.50859299999999
31.07.1993;3.50536230000000;4.69309610000000;5.39471320000000;5.76271960000000;6.65611880000000
31.08.1993;3.35534100000000;4.30169160000000;5.04333030000000;5.26821230000000;6.14441380000000
30.09.1993;3.37252900000000;4.30400480000000;4.93403520000000;5.58357500000000;5.78207650000000
31.10.1993;3.45253360000000;4.42521080000000;5.03053260000000;5.49729340000000;5.91880810000000
30.11.1993;3.63169830000000;4.70383990000000;5.27756120000000;5.99953340000000;6.36565120000000
31.12.1993;3.64073760000000;4.79840360000000;4.96478380000000;6.37701340000000;6.34890510000000
31.01.1994;3.51628040000000;4.64760860000000;5.15112920000000;5.66524580000000;6.25500250000000
28.02.1994;4.06293160000000;5.25746760000000;5.75535620000000;6.32348620000000;6.76728340000000
31.03.1994;4.47608720000000;5.92657480000000;6.59479590000000;6.93657930000000;7.31597730000000
30.04.1994;5.04150490000000;6.39658810000000;6.90812440000000;7.35340100000000;7.36931109999999
31.05.1994;5.29525580000000;6.57898580000000;7.09720790000000;7.26801570000000;7.43011930000000
30.06.1994;5.42397600000000;6.73772180000000;7.01965510000000;7.77376310000000;7.61289900000000
31.07.1994;5.29864990000000;6.57007570000000;6.80555950000000;7.30779890000000;7.34930650000000
31.08.1994;5.46457670000000;6.75075650000000;6.88963280000000;7.22673440000000;7.27017309999999
30.09.1994;5.88276460000000;7.07974100000000;7.43083140000000;7.78516060000001;7.88150340000000
31.10.1994;6.04288790000000;7.43410370000000;7.59224810000000;7.92326870000000;8.00215060000000
30.11.1994;6.83643530000000;7.68122750000000;8.04820970000000;7.90816510000000;7.84732140000000
31.12.1994;7.14499690000000;7.86688970000000;8.01792450000000;7.76959050000000;7.66207940000000
31.01.1995;6.74242190000000;7.51181550000000;7.70137000000000;7.60904380000000;7.61471730000000
28.02.1995;6.35803540000000;6.97755460000000;7.10852470000000;7.15081890000000;7.35242040000001
31.03.1995;6.42177940000000;6.92574280000000;7.13280640000000;7.20788900000000;7.19732940000000
30.04.1995;6.24569960000000;6.70755060000000;6.92193100000000;7.02103640000000;6.88453390000000
31.05.1995;5.75328640000000;5.80098020000000;6.09196800000000;6.19903300000000;5.97384690000000
30.06.1995;5.56649760000000;5.88753120000000;5.96698230000000;6.19714450000000;5.92386140000000
31.07.1995;5.57823020000000;6.03873700000000;6.29401680000000;6.42236880000000;6.24298020000000
31.08.1995;5.64558480000000;5.88385600000000;6.08232350000000;6.29806050000000;6.17531020000000
30.09.1995;5.65000390000000;5.82848270000000;6.01899420000000;6.19519560000000;6.16163510000000
31.10.1995;5.52922050000000;5.58370950000000;5.84084880000000;6.00481600000000;5.88319020000000
30.11.1995;5.33931370000000;5.21342230000000;5.53794820000000;5.74169500000000;5.59845530000001
31.12.1995;5.10085560000000;5.11190580000000;5.34913320000000;5.61067340000000;5.58607550000000
31.01.1996;4.90191040000000;4.86674800000000;5.30060140000000;5.49332340000000;5.66400230000000
29.02.1996;5.14085000000000;5.57836060000000;5.76138420000000;6.03727280000000;5.94441440000000
31.03.1996;5.41348320000000;5.96370020000000;6.17836240000000;6.49829220000000;6.15343200000000
30.04.1996;5.58868910000000;6.28857230000000;6.50124560000000;6.77544260000000;6.66065490000000
31.05.1996;5.68032320000000;6.59553940000000;6.81094590000000;6.95569789999999;6.75027810000000
30.06.1996;5.62967730000000;6.41400490000000;6.67178690000000;6.64114770000000;6.71388820000000
31.07.1996;5.86776980000000;6.35060880000000;6.74498530000000;6.77233690000000;6.74026970000000
31.08.1996;5.82566820000000;6.64028120000000;6.91459690000000;6.97291010000000;6.95658410000000
30.09.1996;5.66352740000000;6.33580640000000;6.62461400000000;6.73941820000000;6.61700700000000
31.10.1996;5.43720790000000;5.88533410000000;6.18969640000000;6.35903280000000;6.20308380000000
30.11.1996;5.37118370000000;5.65589550000000;5.88271750000000;5.92942850000000;5.96503430000000
31.12.1996;5.50979860000000;6.03791960000000;6.37056330000000;6.40759170000000;6.32909280000000
31.01.1997;5.58504490000000;6.06372230000000;6.34639620000000;6.34282580000000;6.58947480000000
28.02.1997;5.70431310000000;6.29542970000000;6.48303970000000;6.52584870000000;6.73209830000000
31.03.1997;5.97636340000000;6.66537260000000;6.94313460000000;6.97326300000000;6.89907440000000
30.04.1997;5.88677150000000;6.47330270000000;6.70317380000000;6.72257400000000;6.77770550000000
31.05.1997;5.71504070000000;6.53971710000000;6.52471390000000;6.76260670000000;6.52037559999999
30.06.1997;5.61045340000000;6.38620300000000;6.38538520000000;6.73410200000000;6.39463990000000
31.07.1997;5.50221840000000;5.81780560000000;5.86266080000000;5.98344320000000;6.00479800000000
31.08.1997;5.65766870000000;6.12440630000000;6.28729940000000;6.40578240000000;6.22016320000000
30.09.1997;5.56413100000000;5.86573780000000;6.00366790000000;6.24709170000000;6.05126110000000
31.10.1997;5.52442720000000;5.64579240000000;5.71381670000000;5.77792170000000;6.00487350000000
30.11.1997;5.63727720000000;5.83098240000000;5.82737250000000;5.94372910000000;5.89465430000000
31.12.1997;5.52359820000000;5.62812400000000;5.73523880000000;5.71493300000000;5.64855150000000
31.01.1998;5.30223390000000;5.24910910000000;5.30414270000000;5.58459870000000;5.26632960000000
28.02.1998;5.45139100000000;5.51268700000000;5.49505840000000;5.73535240000000;5.62266620000000
31.03.1998;5.45691750000000;5.57552430000000;5.68806930000000;5.67938050000000;5.54188090000000
30.04.1998;5.46338440000000;5.59861180000000;5.60666380000000;5.71910720000000;5.62491230000000
31.05.1998;5.35674490000000;5.62089630000000;5.57859650000000;5.69246630000000;5.60102750000000
30.06.1998;5.34046690000000;5.48458730000000;5.62481850000000;5.48636690000000;5.19997990000000
31.07.1998;5.43659950000000;5.42362830000000;5.52591770000000;5.58838690000000;5.35780110000000
31.08.1998;5.02408830000000;4.56447710000000;5.12127520000000;4.90700700000000;4.93190290000000
30.09.1998;4.56864920000000;4.08289900000000;4.40245620000000;4.17687000000000;4.63897110000000
31.10.1998;4.39361280000000;4.14387880000000;4.39142720000000;4.49791360000000;5.02337860000000
30.11.1998;4.63220910000000;4.37022890000000;4.58497570000000;4.95594750000000;4.88942630000000
31.12.1998;4.57623620000000;4.54862780000000;4.67505680000000;4.82710840000000;4.32959580000000
31.01.1999;4.61006710000000;4.50394130000000;4.61532000000000;4.66337200000000;4.24200710000000
28.02.1999;4.99468610000000;5.22848450000000;5.45903000000000;6.17619340000000;4.31920850000000
31.03.1999;4.82955090000000;5.06677730000000;5.31788260000000;5.38834680000000;5.12439890000000
30.04.1999;4.73022100000000;5.32464480000000;5.36500430000000;5.42676030000000;5.48359860000000
31.05.1999;4.91689280000000;5.83215000000000;5.81723470000000;5.91805490000000;6.00325260000000
30.06.1999;5.19431860000000;5.74215300000000;5.77589840000000;5.83994920000000;5.90307280000000
31.07.1999;5.27025460000000;5.87911380000000;5.88047750000000;6.25835930000000;6.20791030000000
31.08.1999;5.46728100000000;5.84855460000000;6.05091300000000;6.34551860000000;6.48829430000000
30.09.1999;5.40479410000000;5.75116770000000;5.80672640000000;6.26703660000000;6.17472070000000
31.10.1999;5.51685390000000;5.98423310000000;5.95364530000000;6.52151210000000;6.25148710000000
30.11.1999;5.77883040000000;6.08482320000000;6.08343300000000;6.40738300000000;6.63538290000000
31.12.1999;6.02198780000000;6.27831760000000;6.36525690000000;6.53921010000000;6.76415660000000
31.01.2000;6.26271960000000;6.77235780000000;6.64818240000000;6.51855460000000;7.11526010000000
29.02.2000;6.23330920000000;6.64535820000000;6.62108780000000;6.45727519999999;6.89325260000000
31.03.2000;6.30414150000000;6.47803370000000;6.22275550000000;6.04767810000000;6.21594020000000
30.04.2000;6.44312740000000;6.71756460000000;6.29924000000000;6.47222760000000;6.34820690000000
31.05.2000;6.64413810000000;6.57918290000000;6.34668850000000;6.50713930000000;6.28137520000000
30.06.2000;6.40772420000000;6.18405680000000;6.00318020000000;6.24186880000000;5.94488150000000
31.07.2000;6.36308490000000;6.07794730000000;6.22929290000000;6.03630850000000;5.95952890000000
31.08.2000;6.28572730000000;5.90999610000000;5.85574850000000;5.77814890000000;5.81794270000000
30.09.2000;6.19508620000000;5.62037580000000;5.78271650000000;5.68018830000000;5.70269270000000
31.10.2000;6.20377800000000;5.43505620000000;5.82176850000000;5.61891370000000;5.44238310000000
30.11.2000;6.01617430000000;5.11532070000000;5.46316160000000;5.33784100000000;5.20950540000000
31.12.2000;5.42398150000000;4.73825850000000;5.10335900000000;4.93785420000000;4.74790880000001
31.01.2001;4.65104190000000;4.56322450000000;4.90790450000000;5.13269190000000;4.97683270000000
28.02.2001;4.52976590000000;4.33416190000000;4.82331450000000;4.92089410000000;4.88147160000000
31.03.2001;4.16036050000000;4.31924950000000;4.72635370000000;4.95442590000000;4.93801140000000
30.04.2001;4.03424550000000;4.59002970000000;5.30244480000000;5.39317520000000;5.36900180000000
31.05.2001;3.78958250000000;4.74544870000000;5.33551260000000;5.58788260000000;5.64412210000000
30.06.2001;3.87802480000000;4.66446080000000;5.44359120000000;5.68637080000000;5.65384490000000
31.07.2001;3.45586080000000;4.23240520000000;4.98566240000000;5.32232120000000;5.34960390000000
31.08.2001;3.33117370000000;4.01180930000000;4.82814750000000;5.12074350000000;5.18873550000000
30.09.2001;2.51535950000000;3.21645150000000;4.53523690000000;4.79163850000000;5.21310810000000
31.10.2001;1.95512830000000;2.89394710000000;4.04398540000000;4.55334880000000;4.92587390000000
30.11.2001;2.04921810000000;3.73427310000000;4.76523270000000;5.10591210000000;5.39099650000000
31.12.2001;2.05087510000000;4.04875450000000;5.34385090000000;5.48520750000000;5.30817600000000
31.01.2002;2.27520190000000;3.98488130000000;5.17410720000000;5.54599960000000;5.61379650000000
28.02.2002;2.19493170000000;3.86140930000000;4.81573160000000;5.44192940000000;5.47272600000001
31.03.2002;2.68513450000000;4.71896970000000;5.56716260000000;5.93032160000000;6.10989410000000
30.04.2002;2.24880760000000;4.21900820000000;5.12029110000000;5.60849750000000;5.72004710000000
31.05.2002;2.26844800000000;4.15196980000000;4.78133950000000;5.28112030000000;5.67820190000000
30.06.2002;1.93898080000000;3.81877580000000;4.61501760000000;5.06920260000000;5.29443270000000
31.07.2002;1.72321450000000;2.73335070000000;4.11422810000000;4.59549150000000;5.00716670000000
31.08.2002;1.74648510000000;2.50841750000000;3.39089020000000;4.30432200000000;4.70872720000000
30.09.2002;1.42964960000000;1.96958880000000;2.70664600000000;3.47764320000000;3.77735940000000
31.10.2002;1.33660340000000;2.04583420000000;2.99910330000000;3.74434350000000;4.25152510000000
30.11.2002;1.49747690000000;2.70193890000000;3.63014260000000;4.29462720000000;4.68627440000000
31.12.2002;1.20855750000000;2.00321390000000;2.89889590000000;3.75832110000000;4.17853610000000
31.01.2003;1.28472260000000;2.10867220000000;3.21604080000000;4.10529040000000;4.50462900000000
28.02.2003;1.23808850000000;1.77495970000000;2.78524290000000;3.68962690000000;4.19910300000000
31.03.2003;1.14759000000000;1.83900320000000;2.93649130000000;3.86993270000000;4.27455030000000
30.04.2003;1.15352210000000;1.80000910000000;3.01365450000000;3.93154510000000;4.53528070000000
31.05.2003;1.15999370000000;1.46320210000000;2.27007450000000;3.09980330000000;3.88725940000000
30.06.2003;1.04222250000000;1.53906110000000;2.52231250000000;3.36001710000000;4.05077080000000
31.07.2003;1.22991930000000;2.26229950000000;3.51912620000000;4.54704460000000;5.26030940000000
31.08.2003;1.28588520000000;2.69484980000000;3.84783100000000;4.52828480000000;5.27446620000000
30.09.2003;1.05748750000000;1.85912290000000;3.03727510000000;3.84863450000000;4.61189550000000
31.10.2003;1.24300400000000;2.41949080000000;3.55934430000000;4.24671250000000;5.03710840000000
30.11.2003;1.43780030000000;2.64305710000000;3.63597690000000;4.29616890000000;4.90379780000000
31.12.2003;1.23071160000000;2.43131640000000;3.48550380000000;4.22955940000000;4.94718980000000
31.01.2004;1.22793170000000;2.38800070000000;3.45529620000000;4.09553580000000;4.69182060000000
29.02.2004;1.14443640000000;2.10347440000000;3.19669670000000;3.89765010000000;4.41713190000000
31.03.2004;1.14551080000000;1.98582800000000;2.87266410000000;3.76173710000000;4.27196400000000
30.04.2004;1.60846020000000;3.05532740000000;4.01461420000000;4.61585260000000;4.98259110000000
31.05.2004;1.80182480000000;3.32910460000000;4.23927000000000;4.76249860000000;5.13434500000000
30.06.2004;2.01203080000000;3.40443180000000;4.00067960000000;4.60600220000000;5.04144060000000
31.07.2004;2.05876730000000;3.30573790000000;3.95504070000000;4.42223730000000;4.99578380000000
31.08.2004;1.94376430000000;2.82224430000000;3.42541100000000;4.04939000000000;4.61948940000000
30.09.2004;2.15787240000000;3.04652500000000;3.39990920000000;4.02662420000000;4.32281770000000
31.10.2004;2.20616370000000;2.88528590000000;3.27857680000000;3.90409720000000;4.31570390000000
30.11.2004;2.62384220000000;3.33370340000000;3.78636350000000;4.23681490000000;4.64158900000000
31.12.2004;2.75006470000000;3.32597750000000;3.62733120000000;4.11710780000000;4.29533730000000
31.01.2005;2.93636800000000;3.56237200000000;3.72807730000000;3.98534670000000;4.29531500000000
28.02.2005;3.24845050000000;3.87447710000000;4.10571600000000;4.30717120000000;4.60648370000000
31.03.2005;3.41128810000000;4.09875530000000;4.24729110000000;4.41999070000000;4.57484180000000
30.04.2005;3.37176850000000;3.86771050000000;3.89969320000000;4.02662500000000;4.23678930000000
31.05.2005;3.37049180000000;3.69638320000000;3.71628240000000;3.83477900000000;4.01685510000000
30.06.2005;3.49036720000000;3.71010440000000;3.65206770000000;3.78245030000000;3.73600190000000
31.07.2005;3.84660380000000;4.09941100000000;4.12409490000000;4.29885790000000;4.13499640000000
31.08.2005;3.72228460000000;3.81921160000000;3.84077290000000;3.83884370000000;3.89543020000000
30.09.2005;4.06228810000000;4.18823930000000;4.16186070000000;4.22829950000000;4.11445590000000
31.10.2005;4.31014720000000;4.35199600000000;4.48311520000000;4.48334760000000;4.50142050000000
30.11.2005;4.39384700000000;4.28438800000000;4.36768230000000;4.41433670000000;4.39789200000000
31.12.2005;4.38775030000000;4.28957610000000;4.28713640000000;4.29745640000000;4.20952130000000
31.01.2006;4.54439230000000;4.36836630000000;4.40170430000000;4.50238110000000;4.32240250000000
28.02.2006;4.67923360000000;4.54025660000000;4.58678430000000;4.55784270000000;4.31724580000000
31.03.2006;4.80981710000000;4.73434030000000;4.71611040000000;4.80873300000000;4.77971320000000
30.04.2006;4.85232670000000;4.75977870000000;4.80165530000000;4.94121890000000;4.97617940000000
31.05.2006;5.03457250000000;4.89076970000000;4.92821730000000;4.98187170000000;5.01963730000000
30.06.2006;5.20597400000000;4.96063220000000;4.99704920000000;4.91865060000000;5.02213550000000
31.07.2006;5.04387270000000;4.69830530000000;4.80790690000000;4.72172670000000;4.77539440000000
31.08.2006;4.92697670000000;4.43766950000000;4.54674740000000;4.59856000000000;4.39504090000000
30.09.2006;4.85955840000000;4.38061260000000;4.39718850000000;4.45360210000000;4.56144890000000
31.10.2006;4.85305940000000;4.39757180000000;4.36836230000000;4.40675050000000;4.47657350000000
30.11.2006;4.80553410000000;4.25536170000000;4.22774430000000;4.27113270000000;4.27755270000000
31.12.2006;4.93994580000000;4.52968060000000;4.48212950000000;4.55256490000000;4.60881870000000
31.01.2007;4.98470780000000;4.71413140000000;4.59253620000000;4.61301460000000;4.67294100000000
28.02.2007;4.84759090000000;4.30857990000000;4.33334090000000;4.36902070000000;4.32011160000000
31.03.2007;4.83000230000000;4.23376510000000;4.36409400000000;4.47984020000000;4.46614340000000
30.04.2007;4.88737570000000;4.19004290000000;4.28297010000000;4.43369410000000;4.42477920000000
31.05.2007;4.97663190000000;4.69357810000000;4.69449530000000;4.79475150000000;4.68335370000000
30.06.2007;4.94948930000000;4.66897170000000;4.79282530000000;4.96756690000000;4.84412730000000
31.07.2007;4.73134120000000;4.24437200000000;4.35082860000000;4.63575220000000;4.52676550000000
31.08.2007;4.37695990000000;3.91202130000000;4.10846870000000;4.39807170000000;4.16238690000000
30.09.2007;4.04901520000000;3.82639260000000;4.16889260000000;4.46296720000000;4.46970490000000
31.10.2007;4.03738760000000;3.76071400000000;3.99764430000000;4.41911170000000;4.26190190000000
30.11.2007;3.12651880000000;2.80133220000000;3.18417230000000;3.95683710000000;3.71290710000000
31.12.2007;3.28143580000000;2.72553720000000;3.06964760000000;4.08132260000000;3.97873680000000
31.01.2008;2.08696400000000;2.05683500000000;2.44026380000000;3.58066600000000;3.68188720000000
29.02.2008;1.68750780000000;1.53648220000000;2.29572800000000;3.33358120000000;3.69716430000000
31.03.2008;1.46187720000000;1.62919960000000;2.15597450000000;3.63746750000000;3.31491120000000
30.04.2008;1.91071840000000;2.48920080000000;2.99253110000000;3.97587130000000;3.68887790000000
31.05.2008;2.26440690000000;2.99350850000000;3.54365440000000;4.26410420000000;4.02968100000000
30.06.2008;2.36646900000000;2.75723040000000;3.60654960000000;4.03629420000000;3.85571830000000
31.07.2008;2.25591160000000;2.63051040000000;3.53508080000000;3.78717280000000;3.94238490000000
31.08.2008;2.15371830000000;2.42037310000000;3.28316600000000;3.65847220000000;3.93337740000000
30.09.2008;1.80819740000000;1.85643920000000;3.20090120000000;3.83140300000000;4.04829120000000
31.10.2008;1.44424720000000;1.22941320000000;2.77480370000000;3.10787990000000;5.36367150000000
30.11.2008;0.858071510000000;0.751365390000000;2.16157330000000;1.12815860000000;4.22174670000000
31.12.2008;0.410454030000000;0.665104150000000;1.92436913000000;1.11775429000000;2.97651740000000
31.01.2009;0.573840120000000;0.947350760000000;2.45875672000000;1.96614120000000;2.88278470000000
28.02.2009;0.782885030000000;1.10186433000000;2.28623974000000;2.48983450000000;2.81913590000000
31.03.2009;0.612025860000000;0.908724380000000;1.97814886000000;1.86378330000000;2.77323510000000
30.04.2009;0.463455540000000;1.35159004000000;2.33631392000000;2.69438970000000;3.28373380000000
31.05.2009;0.536719560000000;1.34118474000000;2.30910630000000;3.25664460000000;4.62606830000000
30.06.2009;0.542035540000000;1.73814406000000;2.56375120000000;3.87059800000000;4.31838770000000
31.07.2009;0.481185850000000;1.79987015000000;2.46572460000000;3.56742060000000;4.47806280000000
31.08.2009;0.417396350000000;1.55352847000000;2.39802858000000;3.50575140000000;4.24370420000000
30.09.2009;0.417717510000000;1.50223939000000;2.33480630000000;3.26685120000000;4.25147210000000
31.10.2009;0.410786340000000;1.35333742000000;2.29502204000000;3.54489580000000;4.12298990000000
30.11.2009;0.283321260000000;0.943426340000000;2.02669450000000;3.01954390000000;3.81738900000000
31.12.2009;0.502555850000000;1.77068395000000;2.69602080000000;3.80896380000000;4.77836260000000
31.01.2010;0.308035260000000;1.22416088000000;2.45373916000000;3.36562430000000;4.51524940000000
28.02.2010;0.356173950000000;1.26490139000000;2.41842166000000;3.34337060000000;4.34867540000000
31.03.2010;0.457785960000000;1.54003358000000;2.71199536000000;3.82894710000000;4.33054000000000
30.04.2010;0.476807040000000;1.38105768000000;2.59187898000000;3.63895390000000;4.11597390000000
31.05.2010;0.450371970000000;1.02579573000000;2.19089580000000;3.38989730000000;3.77160470000000
30.06.2010;0.391515830000000;0.677006550000000;1.75654063000000;2.95834819000000;3.29220430000000
31.07.2010;0.282377810000000;0.734669850000000;1.38459331000000;2.48213423000000;3.34115130000000
31.08.2010;0.248733600000000;0.667357800000000;1.13330946000000;2.05688474000000;2.74034840000000
30.09.2010;0.299863300000000;0.511845380000000;1.13221905000000;1.90440999000000;2.59090628000000
31.10.2010;0.257059670000000;0.339881830000000;0.933238680000000;1.83036046000000;2.58542336000000
30.11.2010;0.317245660000000;0.546257720000000;1.29460014000000;2.18040568000000;3.13396430000000
31.12.2010;0.357418200000000;0.757891860000000;1.91292054000000;3.15814780000000;3.98033160000000
31.01.2011;0.311307280000000;0.712567500000000;1.89017303000000;2.86761539000000;4.05790830000000
28.02.2011;0.313401490000000;1.01432653000000;2.16926098000000;3.19931380000000;4.16359720000000
31.03.2011;0.342244930000000;1.25968729000000;2.32994068000000;3.34765350000000;4.19789360000000
30.04.2011;0.283222510000000;0.876288850000000;1.92469114000000;2.92785550000000;4.02465650000000
31.05.2011;0.230662130000000;0.639953450000000;1.52157905000000;2.53351177000000;3.66549460000000
30.06.2011;0.232749710000000;0.603014490000000;1.62797167000000;2.70881493000000;3.65506420000000
31.07.2011;0.212474180000000;0.472185720000000;0.980958100000000;2.03558304000000;3.14586746000000
31.08.2011;0.142839560000000;0.282279360000000;0.601109410000000;1.45503123000000;2.46912929000000
30.09.2011;0.196641510000000;0.358275470000000;0.719484910000000;1.38451943000000;2.23302953000000
31.10.2011;0.160272720000000;0.358511440000000;0.703176500000000;1.45432198000000;2.36343836000000
30.11.2011;0.176070740000000;0.381226520000000;0.698069690000000;1.44235889000000;2.25541871000000
31.12.2011;0.161466420000000;0.321350820000000;0.686774520000000;1.16147192000000;2.09647487000000
31.01.2012;0.152729520000000;0.309270760000000;0.456207860000000;1.04382558000000;1.73902028000000
29.02.2012;0.205003910000000;0.425776390000000;0.730787250000000;1.20236961000000;1.90147394000000
31.03.2012;0.234871460000000;0.458640480000000;0.920527960000000;1.53043862000000;2.26708848000000
30.04.2012;0.208520960000000;0.348265000000000;0.656087910000000;1.24884657000000;1.79517231000000
31.05.2012;0.212272520000000;0.369374060000000;0.551297510000000;1.00337879000000;1.31195307000000
30.06.2012;0.212163710000000;0.422819930000000;0.652876550000000;1.07204633000000;1.41329853000000
31.07.2012;0.168913210000000;0.280332290000000;0.419616570000000;0.871480810000000;1.31923607000000
31.08.2012;0.202978940000000;0.289286480000000;0.401499170000000;0.819066730000000;1.32887103000000
30.09.2012;0.191943270000000;0.289030430000000;0.483758350000000;0.900858270000000;1.30989428000000
31.10.2012;0.218728060000000;0.381367920000000;0.542390690000000;1.06878185000000;1.49079138000000
30.11.2012;0.213485280000000;0.326188600000000;0.503878970000000;0.831070950000000;1.27705740000000
31.12.2012;0.196396180000000;0.317796920000000;0.592910520000000;1.06360214000000;1.46446079000000
31.01.2013;0.176722470000000;0.370978090000000;0.728956520000000;1.33301272000000;1.82865990000000
28.02.2013;0.172744280000000;0.327674200000000;0.569026680000000;1.16032196000000;1.61316078000000
31.03.2013;0.175319740000000;0.326662940000000;0.582552030000000;1.15706333000000;1.61141891000000
30.04.2013;0.141694160000000;0.316667480000000;0.514830410000000;0.951648830000000;1.46163262000000
31.05.2013;0.136738000000000;0.505438500000000;0.911745140000000;1.51714000000000;2.06406336000000
30.06.2013;0.149319450000000;0.591005230000000;1.31742872000000;2.23186340000000;2.78652570000000
31.07.2013;0.153026010000000;0.495219550000000;1.22846150000000;2.23712774000000;2.93808870000000
31.08.2013;0.164516700000000;0.680987660000000;1.62255838000000;2.69636286000000;3.14053890000000
30.09.2013;0.120244580000000;0.515623920000000;1.31042284000000;2.28267266000000;2.74645550000000
31.10.2013;0.129713600000000;0.486334940000000;1.21850636000000;2.17014910000000;2.66143750000000
30.11.2013;0.168106890000000;0.420614330000000;1.16130376000000;2.28340862000000;2.81381140000000
31.12.2013;0.168555120000000;0.628813580000000;1.62372202000000;2.88139528000000;3.44246600000000
31.01.2014;0.147378190000000;0.519123110000000;1.48496685000000;2.41257665000000;2.96860320000000
28.02.2014;0.149201950000000;0.492021510000000;1.49828864000000;2.45145110000000;3.05429730000000
31.03.2014;0.141459090000000;0.702152210000000;1.86163270000000;2.77984800000000;3.24470850000000
30.04.2014;0.0988371260000000;0.729719514000000;1.80328135000000;2.70644361000000;3.10684640000000
31.05.2014;0.0998844680000000;0.641210452000000;1.68586407000000;2.43630381000000;2.91001570000000
30.06.2014;0.117837980000000;0.802950800000000;1.76744588000000;2.58755854000000;3.00961530000000
31.07.2014;0.143774430000000;0.918569450000000;2.05694332000000;2.90083200000000;2.90310580000000
31.08.2014;0.110460100000000;0.940669360000000;1.88717416000000;2.63223998000000;2.74312190000000
30.09.2014;0.134240750000000;1.06132605000000;2.10819340000000;2.79597900000000;2.85204730000000
31.10.2014;0.134216200000000;0.906163900000000;1.87159957000000;2.59443993000000;2.67654690000000
30.11.2014;0.165552030000000;0.808713670000000;1.72769378000000;2.32397132000000;2.45548070000000
31.12.2014;0.291303290000000;1.10492747000000;1.94842154000000;2.55639490000000;2.33324230000000
31.01.2015;0.209221610000000;0.708707810000000;1.39255277000000;1.76985941000000;1.76298640000000
28.02.2015;0.287610040000000;0.994293600000000;1.81503656000000;2.23895180000000;2.24195550000000
31.03.2015;0.293054700000000;0.850913820000000;1.57070499000000;2.04343769000000;2.11996330000000
30.04.2015;0.275182780000000;0.917226020000000;1.57539927000000;2.13884473000000;2.30582620000000
31.05.2015;0.256883230000000;0.970638830000000;1.62535746000000;2.25067288000000;2.44622810000000
30.06.2015;0.294082420000000;1.00186372000000;1.79636446000000;2.47481660000000;2.78981830000000
31.07.2015;0.378235280000000;0.973796640000000;1.63146820000000;2.31112588000000;2.53372400000000
31.08.2015;0.443368330000000;1.07882835000000;1.76392802000000;2.29355930000000;2.45974500000000
30.09.2015;0.390870130000000;0.881375870000000;1.47435804000000;2.02712556000000;2.20162140000000
31.10.2015;0.464161210000000;1.04256603000000;1.59506186000000;2.30809010000000;2.40225930000000
30.11.2015;0.720341570000000;1.18695807000000;1.77166456000000;2.30636700000000;2.53996680000000
31.12.2015;0.804723460000000;1.34019194000000;1.83783480000000;2.43844860000000;2.51613770000000
